[
    {
        "DATE": "2024-06-25",
        "WINTEAM": "114",
        "LOSETEAM": "110",
        "WINSCORE": "10",
        "LOSESCORE": "8"
    },
    {
        "DATE": "2024-06-25",
        "WINTEAM": "116",
        "LOSETEAM": "143",
        "WINSCORE": "4",
        "LOSESCORE": "1"
    },
    {
        "DATE": "2024-06-25",
        "WINTEAM": "139",
        "LOSETEAM": "136",
        "WINSCORE": "11",
        "LOSESCORE": "3"
    },
    {
        "DATE": "2024-06-25",
        "WINTEAM": "134",
        "LOSETEAM": "113",
        "WINSCORE": "9",
        "LOSESCORE": "5"
    },
    {
        "DATE": "2024-06-25",
        "WINTEAM": "141",
        "LOSETEAM": "111",
        "WINSCORE": "9",
        "LOSESCORE": "4"
    },
    {
        "DATE": "2024-06-25",
        "WINTEAM": "121",
        "LOSETEAM": "147",
        "WINSCORE": "9",
        "LOSESCORE": "7"
    },
    {
        "DATE": "2024-06-25",
        "WINTEAM": "",
        "LOSETEAM": "",
        "WINSCORE": "",
        "LOSESCORE": ""
    },
    {
        "DATE": "2024-06-25",
        "WINTEAM": "",
        "LOSETEAM": "",
        "WINSCORE": "",
        "LOSESCORE": ""
    },
    {
        "DATE": "2024-06-25",
        "WINTEAM": "",
        "LOSETEAM": "",
        "WINSCORE": "",
        "LOSESCORE": ""
    },
    {
        "DATE": "2024-06-25",
        "WINTEAM": "158",
        "LOSETEAM": "140",
        "WINSCORE": "3",
        "LOSESCORE": "1"
    },
    {
        "DATE": "2024-06-25",
        "WINTEAM": "",
        "LOSETEAM": "",
        "WINSCORE": "",
        "LOSESCORE": ""
    },
    {
        "DATE": "2024-06-25",
        "WINTEAM": "",
        "LOSETEAM": "",
        "WINSCORE": "",
        "LOSESCORE": ""
    },
    {
        "DATE": "2024-06-25",
        "WINTEAM": "",
        "LOSETEAM": "",
        "WINSCORE": "",
        "LOSESCORE": ""
    },
    {
        "DATE": "2024-06-25",
        "WINTEAM": "",
        "LOSETEAM": "",
        "WINSCORE": "",
        "LOSESCORE": ""
    },
    {
        "DATE": "2024-06-25",
        "WINTEAM": "",
        "LOSETEAM": "",
        "WINSCORE": "",
        "LOSESCORE": ""
    }
]