[
    {
        "away_team": 142,
        "home_team": 109,
        "game_date": "2024-06-27"
    },
    {
        "away_team": 112,
        "home_team": 137,
        "game_date": "2024-06-27"
    },
    {
        "away_team": 144,
        "home_team": 145,
        "game_date": "2024-06-27"
    },
    {
        "away_team": 146,
        "home_team": 143,
        "game_date": "2024-06-27"
    },
    {
        "away_team": 140,
        "home_team": 110,
        "game_date": "2024-06-27"
    },
    {
        "away_team": 147,
        "home_team": 141,
        "game_date": "2024-06-27"
    },
    {
        "away_team": 113,
        "home_team": 138,
        "game_date": "2024-06-27"
    },
    {
        "away_team": 114,
        "home_team": 118,
        "game_date": "2024-06-27"
    },
    {
        "away_team": 116,
        "home_team": 108,
        "game_date": "2024-06-27"
    }
]