[
    {
        "DATE": "2024-06-25",
        "WINTEAM": "5002",
        "LOSETEAM": "1001",
        "WINSCORE": "4",
        "LOSESCORE": "0"
    },
    {
        "DATE": "2024-06-25",
        "WINTEAM": "10001",
        "LOSETEAM": "11001",
        "WINSCORE": "6",
        "LOSESCORE": "5"
    },
    {
        "DATE": "2024-06-25",
        "WINTEAM": "12001",
        "LOSETEAM": "9002",
        "WINSCORE": "6",
        "LOSESCORE": "1"
    },
    {
        "DATE": "2024-06-25",
        "WINTEAM": "7002",
        "LOSETEAM": "6002",
        "WINSCORE": "5",
        "LOSESCORE": "4"
    }
]