<?xml version="1.0" encoding="UTF-8" ?>
<!DOCTYPE mapper
        PUBLIC "-//mybatis.org//DTD Mapper 3.0//EN"
        "http://mybatis.org/dtd/mybatis-3-mapper.dtd">
<mapper namespace="com.game.baseball.api.mapper.BaseBallMapper">

    <!-- 경기 일정 -->
    <!-- 임시 MLB 스케줄 테이블 생성 -->
    <update id="createTemporaryMLBtbl">
        CREATE TABLE baseball.tbl_mlbschedule_ttp (
                                                      seq SERIAL PRIMARY KEY,
                                                      team1 TEXT,
                                                      team2 TEXT,
                                                      game_date TEXT,
                                                      match_code TEXT
        );
    </update>

    <!-- 임시 KBO 스케줄 테이블 생성 -->
    <update id="createTemporaryKBOtbl">
        CREATE TABLE baseball.tbl_kboschedule_ttp (
                                                      seq SERIAL PRIMARY KEY,
                                                      team1 TEXT,
                                                      team2 TEXT,
                                                      game_date TEXT,
                                                      match_code TEXT
        );
    </update>

    <!-- MLB 스케줄 테이블 삭제 -->
    <update id="dropMLBtbl">
        DROP TABLE IF EXISTS baseball.tbl_mlbschedule_ttp;
    </update>

    <!-- KBO 스케줄 테이블 삭제 -->
    <update id="dropKBOtbl">
        DROP TABLE IF EXISTS baseball.tbl_kboschedule_ttp;
    </update>

    <!-- MLB 스케줄 삽입 -->
    <insert id="insertTdyMLB">
        INSERT INTO baseball.tbl_mlbschedule_ttp (team1, team2, game_date, match_code)
        VALUES (#{TEAM1}, #{TEAM2}, #{DATE}, CONCAT(REPLACE(#{DATE}, '-', ''), #{TEAM1}, #{TEAM2}))
    </insert>

    <!-- KBO 스케줄 삽입 -->
    <insert id="insertTdyKBO">
        INSERT INTO baseball.tbl_kboschedule_ttp (team1, team2, game_date, match_code)
        VALUES (#{TEAM1}, #{TEAM2}, #{DATE}, CONCAT(REPLACE(#{DATE}, '-', ''), #{TEAM1}, #{TEAM2}))
    </insert>
    <!-- 경기 일정 끝 -->

    <!-- 경기 결과 -->
    <!-- 임시 MLB 결과 테이블 생성 -->
    <update id="createTemporaryMLBresulttbl">
        CREATE TABLE baseball.tbl_mlbres_ttp (
                                                 seq SERIAL PRIMARY KEY,
                                                 game_date TEXT,
                                                 winteam TEXT,
                                                 loseteam TEXT,
                                                 winscore TEXT,
                                                 losescore TEXT,
                                                 match_code TEXT
        );
    </update>

    <!-- 임시 KBO 결과 테이블 생성 -->
    <update id="createTemporaryKBOresulttbl">
        CREATE TABLE baseball.tbl_kbores_ttp (
                                                 seq SERIAL PRIMARY KEY,
                                                 game_date TEXT,
                                                 winteam TEXT,
                                                 loseteam TEXT,
                                                 winscore TEXT,
                                                 losescore TEXT,
                                                 match_code TEXT
        );
    </update>

    <!-- MLB 결과 테이블 삭제 -->
    <update id="dropMLBResulttbl">
        DROP TABLE IF EXISTS baseball.tbl_mlbres_ttp;
    </update>

    <!-- KBO 결과 테이블 삭제 -->
    <update id="dropKBOResulttbl">
        DROP TABLE IF EXISTS baseball.tbl_kbores_ttp;
    </update>

    <!-- MLB 결과 삽입 -->
    <insert id="insertResultMLB">
        INSERT INTO baseball.tbl_mlbres_ttp (game_date, winteam, loseteam, winscore, losescore, match_code)
        VALUES (#{DATE}, #{WINTEAM}, #{LOSETEAM}, #{WINSCORE}, #{LOSESCORE}, CONCAT(REPLACE(#{DATE}, '-', ''), #{LOSETEAM}, #{WINTEAM}))
    </insert>

    <!-- KBO 결과 삽입 -->
    <insert id="insertResultKBO">
        INSERT INTO baseball.tbl_kbores_ttp (game_date, winteam, loseteam, winscore, losescore, match_code)
        VALUES (#{DATE}, #{WINTEAM}, #{LOSETEAM}, #{WINSCORE}, #{LOSESCORE}, CONCAT(REPLACE(#{DATE}, '-', ''), #{LOSETEAM}, #{WINTEAM}))
    </insert>
    <!-- 경기 결과 끝 -->

    <!-- 임시 테이블 노말 테이블로 데이터 삽입 -->
    <insert id="moveTempMLBResultToMainTable">
        INSERT INTO baseball.tbl_mlbrslt_nt03 (game_date, winteam, loseteam, winscore, losescore, match_code)
        SELECT game_date, winteam, loseteam, winscore, losescore, match_code
        FROM baseball.tbl_mlbres_ttp
    </insert>

    <insert id="moveTempKBOResultToMainTable">
        INSERT INTO baseball.tbl_kborslt_nt03 (game_date, winteam, loseteam, winscore, losescore, match_code)
        SELECT game_date, winteam, loseteam, winscore, losescore, match_code
        FROM baseball.tbl_kbores_ttp
    </insert>
    <!-- 임시 테이블 노말 테이블로 데이터 삽입 끝 -->

    <!-- gpt의 예상 결과 -->
    <update id="createTemporaryGPTAnly">
        CREATE TABLE baseball.tbl_gptexepect_ttp (
                                                     seq SERIAL PRIMARY KEY,
                                                     team1 TEXT,
                                                     team2 TEXT,
                                                     team1_winrate TEXT,
                                                     team2_winrate TEXT,
                                                     team1_score TEXT,
                                                     team2_score TEXT,
                                                     game_analysis TEXT,
                                                     game_date TEXT,
                                                     match_code TEXT
        );
    </update>
    <!-- gpt의 예상 결과 끝 -->

    <!-- gpt예상 임시테이블 drop -->
    <update id="dropGPTAnlytbl">
        DROP TABLE IF EXISTS baseball.tbl_gptexepect_ttp;
    </update>
    <!-- gpt예상 임시테이블 drop 끝 -->

    <!-- gpt예상 임시테이블 데이터 삽입 -->
    <insert id="insertTdyExepect" parameterType="list">
        INSERT INTO baseball.tbl_gptexepect_ttp
        (team1, team2, team1_winrate, team2_winrate, team1_score, team2_score, game_analysis, game_date, match_code)
        VALUES
        <foreach collection="list" item="item" separator=",">
            (#{item.TEAM1}, #{item.TEAM2}, #{item.TEAM1_WINRATE}, #{item.TEAM2_WINRATE}, #{item.TEAM1_SCORE}, #{item.TEAM2_SCORE}, #{item.GAME_ANALYSIS}, #{item.DATE}, CONCAT(REPLACE(#{item.DATE}, '-', ''), #{item.TEAM1}, #{item.TEAM2}))
        </foreach>
    </insert>
    <!-- gpt예상 임시테이블 데이터 삽입 끝 -->

    <!-- 임시 테이블 노말 테이블로 데이터 삽입 -->
    <insert id="moveTempGPTexepectToMainTable">
        INSERT INTO baseball.tbl_gptexepect_nt01 (team1, team2, team1_winrate, team2_winrate, team1_score, team2_score, game_analysis, game_date, match_code)
        SELECT team1, team2, team1_winrate, team2_winrate, team1_score, team2_score, game_analysis, game_date, match_code
        FROM baseball.tbl_gptexepect_ttp
    </insert>
    <!-- 임시 테이블 노말 테이블로 데이터 삽입 끝 -->
</mapper>