<?xml version="1.0" encoding="UTF-8" ?>
<!DOCTYPE mapper
        PUBLIC "-//mybatis.org//DTD Mapper 3.0//EN"
        "http://mybatis.org/dtd/mybatis-3-mapper.dtd">
<mapper namespace="com.unity.game.mapper.UserInfoMapper">

    <select id="searchUserInfo" parameterType="string" resultType="integer">
        SELECT COUNT(*)
        FROM tbl_unt_userinfo_mt01 tuu
        WHERE tuu.pid = #{param}
          AND d_flag = 'N'
    </select>

    <insert id="insertUserInfo" parameterType="map">
        INSERT INTO tbl_unt_userinfo_mt01 (pid, pnm, psex)
        VALUES (#{PID}, #{PNM}, #{PSEX})
    </insert>

    <select id="getUserInfo" parameterType="string" resultType="map">
        SELECT tuu.pid AS pid,
               tuu.pnm AS pnm,
               tuu.psex AS psex,
               tuu.cash AS cash,
               tuu.plvl AS plvl,
               tumn.maxhp AS maxhp,
               tumn.chp AS chp
        FROM tbl_unt_userinfo_mt01 tuu
                 INNER JOIN tbl_unt_dstats_nt01 tumn
                            ON tuu.pid = tumn.pid
        WHERE tuu.pid = #{param}
          AND tuu.d_flag = 'N';
    </select>

    <insert id="setDstate" parameterType="map">
        INSERT INTO tbl_unt_dstats_nt01 (pid, d_name, i, e, s, n, t, f, j, p, mood, stress, fatigue, age, mbti, sex)
        VALUES (#{pid}, #{name}, #{I}, #{E}, #{S}, #{N}, #{T}, #{F}, #{J}, #{P}, #{mood}, #{stress}, #{fatigue}, #{age}, #{mbti}, #{sex})
    </insert>

</mapper>
